<?xml version="1.0" standalone="no"?>
<manifest identifier="Juego_Bicicleta" version="1.2" xmlns="http://www.imsproject.org/xsd/imscp_rootv1p1p2"
          xmlns:adlcp="http://www.adlnet.org/xsd/adlcp_rootv1p2" xmlns:xsi="http://www.w3.org/2001/XMLSchema-instance"
          xsi:schemaLocation="http://www.imsproject.org/xsd/imscp_rootv1p1p2 imscp_rootv1p1p2.xsd
          http://www.adlnet.org/xsd/adlcp_rootv1p2 adlcp_rootv1p2.xsd">

    <metadata>
        <schema>ADL SCORM</schema>
        <schemaversion>1.2</schemaversion>
    </metadata>

    <organizations default="Juego_Bicicleta">
        <organization identifier="Juego">
            <title>Simulación de Control de Velocidad</title>
            <item identifier="ITEM1" identifierref="RES1">
                <title>Simulación</title>
            </item>
        </organization>
    </organizations>

    <resources>
        <resource identifier="RES1" type="webcontent" adlcp:scormtype="sco" href="index.html">
            <file href="index.html"/>
            <file href="script.js"/>
            <file href="imsmd_rootv1p2p1.xsd"/>
            <file href="imscp_rootv1p2p1.xsd"/>
            <file href="ims_xml.xsd"/>
            <file href="adlcp_rootv1p2.xsd"/>
            <file href="styles.css"/>
            <file href="bici.png"/>
            <file href="scormAPI.js"/>
        </resource>
    </resources>
</manifest>
